{
  "Project1": {
    "uat": {
      "postgres": {
        "current": {
          "servers": [
            "167.99.87.55"
          ],
          "container_name": "User_A_Project1_uat_postgres",
          "version": "latest",
          "deployed_at": "2025-11-12T07:54:38.599860"
        },
        "history": [
          {
            "servers": [
              "167.99.87.55"
            ],
            "container_name": "User_A_Project1_uat_postgres",
            "version": "latest",
            "deployed_at": "2025-11-12T07:54:38.599860"
          },
          {
            "servers": [
              "144.126.225.138"
            ],
            "container_name": "User_A_Project1_uat_postgres",
            "version": "latest",
            "deployed_at": "2025-11-11T21:51:30.781339"
          },
          {
            "servers": [
              "188.166.149.140"
            ],
            "container_name": "User_A_Project1_uat_postgres",
            "version": "latest",
            "deployed_at": "2025-11-11T20:21:39.655096"
          },
          {
            "servers": [
              "167.172.57.181"
            ],
            "container_name": "User_A_Project1_uat_postgres",
            "version": "latest",
            "deployed_at": "2025-11-10T12:52:43.903725"
          },
          {
            "servers": [
              "68.183.37.28"
            ],
            "container_name": "User_A_Project1_uat_postgres",
            "version": "latest",
            "deployed_at": "2025-11-10T09:45:03.806918"
          },
          {
            "servers": [
              "46.101.22.10"
            ],
            "container_name": "User_A_Project1_uat_postgres",
            "version": "latest",
            "deployed_at": "2025-11-08T20:29:13.446413"
          },
          {
            "servers": [
              "139.59.181.162"
            ],
            "container_name": "User_A_Project1_uat_postgres",
            "version": "latest",
            "deployed_at": "2025-11-08T15:44:35.499285"
          },
          {
            "servers": [
              "178.62.50.163"
            ],
            "container_name": "User_A_Project1_uat_postgres",
            "version": "latest",
            "deployed_at": "2025-11-08T15:13:37.923739"
          }
        ]
      },
      "api": {
        "current": {
          "servers": [
            "167.99.87.55",
            "161.35.163.100"
          ],
          "container_name": "User_A_Project1_uat_api",
          "version": "latest",
          "deployed_at": "2025-11-12T07:56:23.472159"
        },
        "history": [
          {
            "servers": [
              "167.99.87.55",
              "161.35.163.100"
            ],
            "container_name": "User_A_Project1_uat_api",
            "version": "latest",
            "deployed_at": "2025-11-12T07:56:23.472159"
          },
          {
            "servers": [
              "144.126.225.138",
              "138.68.153.202"
            ],
            "container_name": "User_A_Project1_uat_api",
            "version": "latest",
            "deployed_at": "2025-11-11T21:53:33.386772"
          },
          {
            "servers": [
              "188.166.149.140",
              "46.101.26.56"
            ],
            "container_name": "User_A_Project1_uat_api",
            "version": "latest",
            "deployed_at": "2025-11-11T20:24:18.596101"
          },
          {
            "servers": [
              "167.172.57.181",
              "165.227.226.19"
            ],
            "container_name": "User_A_Project1_uat_api",
            "version": "latest",
            "deployed_at": "2025-11-10T12:54:19.553624"
          },
          {
            "servers": [
              "46.101.22.10",
              "104.248.170.81"
            ],
            "container_name": "User_A_Project1_uat_api",
            "version": "latest",
            "deployed_at": "2025-11-08T20:30:59.006351"
          },
          {
            "servers": [
              "139.59.181.162",
              "178.128.174.0"
            ],
            "container_name": "User_A_Project1_uat_api",
            "version": "latest",
            "deployed_at": "2025-11-08T15:46:15.758462"
          },
          {
            "servers": [
              "178.62.50.163",
              "209.97.184.172"
            ],
            "container_name": "User_A_Project1_uat_api",
            "version": "latest",
            "deployed_at": "2025-11-08T15:16:24.552019"
          }
        ]
      }
    }
  }
}